DATE,DEPTH,LATITUDE,LONGITUDE,SALINITY,TEMPERATURE,CPHL,sur_refl_b08,sur_refl_b09,sur_refl_b10,sur_refl_b11,sur_refl_b12,sur_refl_b13,sur_refl_b14,sur_refl_b15,sur_refl_b16
5/5/2019,9.258845,17.56754,68.38962,36.61500174,29.19100139,0.072000003,0.1172,0.1117,0.107,0.1019,0.1007,-0.01,-0.01,-0.01,-0.01
5/15/2019,6.0167575,17.89659,68.3814,36.82900175,29.5650014,0.086000004,0.0851,0.0865,0.0862,0.07465,0.0021,-0.0025,-0.0023,-0.0037,-0.00475
5/25/2019,8.960493,18.12906,68.31059,36.58000174,30.05000143,0.079000004,0.1468,0.14085,0.13365,0.1215,-0.01,-0.01,-0.01,-0.01,-0.01
6/3/2019,7.1206584,18.31884,68.25008,36.99300176,30.47100145,0.079000004,0.1181,0.1105,0.10155,0.08785,0.0853,0.02805,0.0282,0.0267,-0.01
6/13/2019,7.3394494,18.47944,68.23271,36.56000174,29.24300139,0.302000014,-0.01,-0.01,-0.01,-0.01,-0.01,-0.01,-0.01,-0.01,-0.01
6/23/2019,9.487581,18.54533,68.24643,36.52200173,29.4130014,0.41800002,0.19,0.1873,0.1892,-0.01,-0.01,-0.01,-0.01,-0.01,-0.01
7/3/2019,9.079834,18.60909,68.09524,36.63600174,29.5270014,0.194000009,0.2711,-0.01,-0.01,-0.01,-0.01,-0.01,-0.01,-0.01,-0.01
7/13/2019,9.20912,18.6951,67.91023,36.76100175,29.22000139,0.288000014,0.2931,0.29035,-0.01,-0.01,-0.01,-0.01,-0.01,-0.01,-0.01
7/23/2019,9.467691,18.7655,67.84667,36.66500174,28.81400137,0.302000014,-0.01,-0.01,-0.01,-0.01,-0.01,-0.01,-0.01,-0.01,-0.01
8/2/2019,9.746153,18.8823,67.93499,36.61700174,27.88600132,1.188000056,0.5458,-0.01,-0.01,-0.01,-0.01,-0.01,-0.01,-0.01,-0.01
8/12/2019,9.945054,18.77466,68.38009,36.80100175,27.52300131,1.634000078,0.3678,0.1021,-0.01,-0.01,-0.01,-0.01,-0.01,-0.01,-0.01
9/11/2019,9.199175,18.92075,68.81397,36.73300174,27.89800133,0.763000036,0.3177,0.3145,-0.01,-0.01,-0.01,-0.01,-0.01,-0.01,-0.01
9/21/2019,9.656647,18.96161,68.85373,36.63500174,27.96100133,0.590000028,0.28175,-0.01,-0.01,-0.01,-0.01,-0.01,-0.01,-0.01,-0.01
10/1/2019,9.497526,18.96204,68.89295,36.25300172,28.45300135,0.194000009,0.1691,0.1665,0.0295,0.02315,0.02155,0.01535,0.01535,0.014,0.0124
10/11/2019,9.22901,18.93649,68.91463,36.59200174,29.17600139,0.144000007,0.1278,0.11265,0.05325,0.04475,0.0427,-0.01,0.03295,0.03075,0.02725
10/21/2019,7.190274,18.71368,69.03552,36.38600173,28.67500136,0.238000011,0.5005,-0.01,-0.01,-0.01,-0.01,-0.01,-0.01,-0.01,-0.01
10/31/2019,9.1295595,18.73085,68.98815,36.53600174,27.97800133,1.087000052,0.42935,-0.01,-0.01,-0.01,-0.01,-0.01,-0.01,-0.01,-0.01
11/10/2019,5.9371967,18.68147,69.11781,36.10100171,28.15800134,0.187000009,3.00E-04,5.00E-04,0.00195,-2.00E-04,-9.00E-04,-0.00145,-3.50E-04,-0.00105,0.0012
11/20/2019,8.910768,18.53651,69.25153,36.18700172,28.14400134,0.706000034,0.14545,0.14335,-0.00905,-0.0095,-0.0094,-0.0065,-0.006,-0.00595,-0.00455
11/30/2019,9.567142,18.25606,69.25233,35.8000017,28.35800135,0.151000007,0.10665,0.1009,0.0991,0.0921,-0.01,-0.01,-0.01,-0.01,-0.01
12/10/2019,9.378185,18.05693,69.12788,36.28300172,28.01800133,0.42500002,0.2588,0.00125,0.00325,-4.00E-04,-8.50E-04,-0.0026,-0.00225,-0.0035,-0.0041
12/20/2019,9.726262,17.86586,69.08646,36.32100173,27.4310013,0.806000038,0.07625,0.0703,0.0666,0.06035,0.0594,-0.00465,-0.00435,-0.00465,-0.00445
12/30/2019,9.447801,17.91693,69.04684,36.36100173,27.4260013,0.547000026,0.02225,0.01745,0.01485,0.0084,0.00665,0.00165,0.00255,3.50E-04,0.00135
1/9/2020,9.467691,18.11789,69.03485,36.41000173,26.84000127,0.720000034,0.1132,0.1075,0.1015,0.0905,0.0885,0.0714,0.0717,0.0672,0.0608
1/19/2020,9.606922,18.42705,68.95598,36.46900173,26.39800125,0.778000037,0.0122,0.0142,0.0149,0.009,0.00825,0.0025,0.00285,7.50E-04,4.00E-04
1/29/2020,9.507472,18.80879,68.75469,36.24200172,26.58400126,0.799000038,0.0558,0.053,0.0513,0.0438,0.04345,-0.00555,-0.00525,-0.0055,-0.0049
2/8/2020,9.527361,19.10501,68.59289,36.45100173,26.13700124,0.871000041,0.0921,0.08535,0.07985,0.0697,-0.0045,-0.0046,-0.00435,-0.00495,-0.005
2/18/2020,9.577086,19.2612,68.54118,36.20500172,26.90500128,0.21600001,-0.0096,-0.005,0.0017,4.00E-04,4.00E-04,-8.00E-04,-5.00E-04,-8.00E-04,-2.00E-04
2/28/2020,9.149449,19.26831,68.50373,36.20300172,27.2840013,0.194000009,0.0168,0.01845,0.01825,0.01025,0.00915,0.00295,0.00325,0.0016,9.00E-04
3/9/2020,9.507472,19.13273,68.48297,36.16500172,26.96400128,0.360000017,0.0129,0.01335,0.01255,0.0049,0.00395,-1.00E-04,2.50E-04,-2.00E-04,2.50E-04
3/19/2020,8.662142,18.88255,68.48132,36.15400172,27.09700129,0.173000008,0.02405,0.0225,0.01965,0.0118,0.00995,0.002,0.0021,4.50E-04,-5.00E-05
3/29/2020,9.378185,18.6569,68.59589,35.96300171,28.37200135,0.223000011,0.0094,0.0089,0.012,0.0059,0.0052,0.001,0.0016,9.00E-04,4.00E-04
4/8/2020,9.199175,18.46861,68.85989,36.10400171,28.67600136,0.166000008,0.06355,0.06605,0.06655,0.0581,0.05715,-0.0037,-0.00355,-0.0044,-0.00475
4/18/2020,9.557197,18.44151,69.1827,36.23900172,28.96000138,0.20900001,0.00405,0.00435,0.0047,0.0025,0.00245,9.00E-04,0.00145,5.00E-05,3.50E-04
4/28/2020,9.408021,18.58519,69.4204,36.21700172,29.76100141,0.173000008,0.0279,0.023,0.01915,0.01195,0.0104,-0.00425,-0.0042,-0.00485,-0.0049
5/8/2020,7.409065,18.85296,69.43435,36.28100172,30.34300144,0.094000004,0.06005,0.05805,0.0544,0.04465,0.0427,-0.00335,-0.00345,-0.00445,-0.0048
5/18/2020,5.181373,19.11472,69.20633,36.42800173,30.63800146,0.094000004,0.0823,0.077,0.074,0.06375,0.0628,-0.01,-0.01,-0.01,-0.00315
5/28/2020,9.527361,19.15576,69.09475,36.70500174,30.61100145,0.086000004,0.0227,0.02055,0.0166,0.0057,0.0042,0.00135,0.00185,6.50E-04,9.00E-04
6/7/2020,9.676537,19.28725,68.95802,36.81500175,31.06600148,0.094000004,0.0399,0.0349,0.0298,0.0184,0.0166,-8.00E-04,-7.00E-04,-0.0023,-0.00435
6/17/2020,6.504065,19.21726,68.95497,36.66200174,30.84800147,0.122000006,-0.01,-0.01,-0.01,-0.01,-0.01,-0.01,-0.01,-0.01,-0.01
6/27/2020,8.24445,19.147,69.03246,36.66500174,30.76400146,0.108000005,0.13725,0.13415,0.1308,0.0433,0.0422,-0.01,-0.01,-0.01,-0.01
7/17/2020,9.616867,18.33707,69.53751,36.35200173,28.84100137,0.331000016,0.0585,0.0534,0.04815,0.0434,0.04145,-0.01,-0.01,-0.01,-0.01
7/27/2020,8.791428,18.15816,69.50028,36.33900173,29.11900138,0.115000005,0.05155,0.05025,0.05035,0.04705,0.04635,-0.01,-0.01,-0.01,-0.01
8/26/2020,9.567142,18.19238,69.60871,36.64500174,28.25700134,0.382000018,0.2257,0.2232,-0.01,-0.01,-0.01,-0.01,-0.01,-0.01,-0.01
9/5/2020,9.408021,18.17405,69.57273,36.39000173,28.21700134,0.158000008,0.049,0.0427,0.0382,0.0263,0.0233,0.0103,0.011,0.0055,0.002
9/15/2020,9.507472,17.95276,69.74438,36.49700173,28.81300137,0.122000006,0.1674,0.15675,0.0132,0.00515,0.00315,-0.00125,-5.00E-04,-0.0024,-0.00325
12/14/2020,8.3439,18.20887,70.21929,35.45300168,27.22400129,0.475000023,0.41615,-0.00325,5.00E-05,-0.0035,-0.00365,-0.00465,-0.00405,-0.0049,-0.0045
12/24/2020,9.069889,18.25457,70.10923,35.27100168,28.00300133,0.252000012,3.50E-04,6.00E-04,0.00625,0.0011,7.50E-04,5.00E-05,4.50E-04,-6.50E-04,1.00E-04
1/3/2021,8.652197,18.42644,69.91177,35.60100169,27.51500131,0.223000011,0.142,0.14035,7.00E-04,-0.0031,-0.0034,-0.0052,-0.0051,-0.00535,-0.00515
1/13/2021,9.795877,18.47378,69.67992,35.20800167,27.58600131,0.151000007,0.1293,0.13095,0.0031,-5.50E-04,-0.0011,-0.00325,-0.00305,-0.0044,-0.0043
1/23/2021,7.6278563,18.34201,69.48572,36.04200171,27.15900129,0.108000005,0.0623,0.05345,0.05,-9.50E-04,-0.00135,-0.00415,-0.00445,-0.00515,-0.0047
2/2/2021,8.413515,18.30952,69.43688,36.10200171,26.43100126,0.230000011,0.0046,0.0033,0.00365,-0.0017,-0.0015,-0.00125,-9.50E-04,-8.50E-04,-1.00E-04
2/12/2021,9.437856,18.37971,69.44827,35.8780017,27.83500132,0.158000008,0.0082,0.0071,0.0081,0.0017,0.0016,-5.00E-04,-1.00E-04,-2.00E-04,-2.00E-04
2/22/2021,8.115164,18.42452,69.52361,35.68600169,28.08100133,0.079000004,0.06845,0.06455,0.0597,0.0453,0.0349,0.0275,0.02715,0.0244,0.0264
3/4/2021,8.682031,18.2007,69.745,35.35200168,27.67800131,0.079000004,0.0417,0.0396,0.03885,0.03,0.02935,0.02525,0.0252,0.0237,0.02145
5/3/2021,9.815768,17.41687,69.40919,35.51800169,30.16400143,0.058000003,0.0326,0.0245,0.0191,0.0056,0.0044,2.00E-04,5.00E-04,-1.00E-04,-2.00E-04
6/2/2021,5.9968677,17.9008,69.50926,35.66700169,30.57900145,0.180000009,0.4026,0.0425,0.03015,0.0193,-0.01,-0.01,-0.01,-0.01,-0.01
6/12/2021,9.437856,18.11229,69.32819,36.23900172,29.84500142,0.245000012,-0.01,-0.01,-0.01,-0.01,-0.01,-0.01,-0.01,-0.01,-0.01
6/22/2021,8.701921,18.23572,69.2562,36.53500174,29.83800142,0.058000003,0.06695,0.0584,0.05105,5.00E-05,-0.01,-0.01,-0.01,-0.01,-0.01
7/2/2021,9.318515,18.21963,69.25638,36.50400173,29.64500141,0.086000004,0.0257,0.02135,0.01895,0.0082,0.0068,0.0028,0.00425,0.00115,-0.0041
7/12/2021,6.891922,18.24722,69.34231,36.26300172,29.4930014,0.281000013,-0.01,-0.01,-0.01,-0.01,-0.01,-0.01,-0.01,-0.01,-0.01
7/22/2021,9.22901,18.18572,69.4804,36.32500173,28.67100136,0.288000014,-0.01,-0.01,-0.01,-0.01,-0.01,-0.01,-0.01,-0.01,-0.01
8/1/2021,8.801373,18.13095,69.68925,36.22100172,28.14900134,0.238000011,0.0927,0.0948,-0.01,-0.01,-0.01,-0.01,-0.01,-0.01,-0.01
8/11/2021,9.497526,18.05262,69.87177,36.37700173,28.21900134,0.166000008,0.2879,0.28385,-0.01,-0.01,-0.01,-0.01,-0.01,-0.01,-0.01
8/21/2021,9.159394,17.96758,69.87558,36.40600173,28.19900134,0.173000008,0.2498,-0.01,-0.01,-0.01,-0.01,-0.01,-0.01,-0.01,-0.01
9/30/2021,8.960493,17.61724,69.36137,36.45400173,28.53200136,0.072000003,0.28245,0.2658,0.09525,-0.01,-0.01,-0.01,-0.01,-0.01,-0.01
10/20/2021,9.328461,17.72871,69.2701,36.25400172,29.00000138,0.079000004,0.02865,0.02765,0.0218,0.00925,0.00715,0.00155,0.0018,3.50E-04,8.00E-04
10/30/2021,8.841152,17.69072,69.29558,36.35600173,28.81600137,0.094000004,0.1822,0.1718,0.16045,0.1465,0.0549,-0.01,-0.01,-0.01,-0.01
11/9/2021,9.099724,17.61572,69.25278,36.42700173,28.39800135,0.194000009,0.5105,0.11935,-0.01,-0.01,-0.01,-0.01,-0.01,-0.01,-0.01
11/19/2021,8.831207,17.33794,69.19932,35.41700168,28.18800134,0.194000009,0.585,-0.01,-0.01,-0.01,-0.01,-0.01,-0.01,-0.01,-0.01
11/29/2021,7.3593397,16.98908,69.13152,36.16600172,28.18300134,0.173000008,0.08275,0.0745,0.0677,0.05535,0.0533,0.0441,0.04465,0.04115,0.03835
12/9/2021,8.333955,16.71724,69.24873,35.8150017,27.86700132,0.108000005,0.01395,0.0091,0.0091,0.002,0.00165,-0.00705,-0.0064,-0.00615,0.00205
4/18/2022,9.238955,16.77675,68.38868,35.22100167,29.4370014,0.086000004,0.0257,0.021,0.0165,0.0051,0.0043,1.00E-04,4.00E-04,1.00E-04,0
4/28/2022,7.4886255,16.83522,67.89674,35.25100167,29.76100141,0.065000003,0.059,0.06065,0.06115,0.05155,0.0511,-0.00555,-0.00505,-0.00485,-0.0045
5/8/2022,9.626812,16.77209,67.41129,35.31500168,30.01800143,0.058000003,0.03955,0.03545,0.0282,0.0146,0.0133,-0.0048,0.00925,-0.005,-0.0051
5/18/2022,9.756099,16.74418,66.88886,35.8180017,30.21400144,0.050000002,0.1366,0.1322,0.1281,0.1175,-0.01,-0.01,-0.01,-0.01,-0.01
5/28/2022,6.921757,16.77471,66.396,36.20900172,30.39700144,0.058000003,0.11705,0.11805,0.116,0.1047,0.04445,-0.01,-0.01,-0.01,-0.01
6/17/2022,9.805822,16.8758,65.68488,36.18700172,29.62500141,0.122000006,0.0337,0.0274,0.0234,0.0118,0.0102,0.0041,0.0047,0.0024,0.0018
6/27/2022,9.258845,16.67904,65.74601,36.03200171,29.4110014,0.317000015,0.266,0.2527,-0.01,-0.01,-0.01,-0.01,-0.01,-0.01,-0.01
7/7/2022,6.1460433,16.31556,65.88364,36.28800172,27.77800132,0.598000028,0.52995,-0.01,-0.01,-0.01,-0.01,-0.01,-0.01,-0.01,-0.01
7/17/2022,9.577086,15.85541,65.95257,36.38600173,27.2650013,0.576000027,0.49965,-0.01,-0.01,-0.01,-0.01,-0.01,-0.01,-0.01,-0.01
7/27/2022,9.089779,15.46899,66.03344,36.45800173,27.12900129,0.914000043,0.279,0.2724,-0.01,-0.01,-0.01,-0.01,-0.01,-0.01,-0.01
8/6/2022,9.626812,15.34896,66.09902,36.50100173,26.80500127,0.878000042,0.3465,-0.01,-0.01,-0.01,-0.01,-0.01,-0.01,-0.01,-0.01
8/16/2022,9.447801,15.56274,66.108,36.48600173,26.66900127,0.396000019,0.46985,0.14905,-0.01,-0.01,-0.01,-0.01,-0.01,-0.01,-0.01
8/26/2022,9.596976,15.86872,66.15395,36.52500173,26.57500126,0.475000023,0.30235,0.29795,-0.01,-0.01,-0.01,-0.01,-0.01,-0.01,-0.01
9/5/2022,6.693021,16.30689,66.20476,36.52700173,27.12100129,0.461000022,0.08215,0.07825,0.07625,0.0719,0,-0.00275,-0.0021,-0.00325,-0.00405
9/15/2022,9.477636,16.75005,66.11436,36.48100173,27.06700129,0.554000026,0.33105,0.08425,0.0773,0.07155,-0.01,-0.01,-0.01,-0.01,-0.01
10/5/2022,9.109669,17.68531,65.86468,36.57500174,28.33700135,0.144000007,0.02665,0.0237,0.0217,0.0121,0.0102,0.00365,0.0044,0.00235,0.0021
11/24/2022,9.398076,18.04209,66.64829,36.53300174,27.75300132,0.166000008,0.022,0.0181,0.0155,0.0081,0.00675,0.00195,0.0022,6.50E-04,3.50E-04
12/4/2022,9.606922,17.98043,66.704,36.59700174,27.3970013,0.288000014,-2.50E-04,0.00185,0.0036,-0.00265,-0.0045,-0.00515,-0.00505,-0.0053,-0.00505
12/14/2022,9.298625,17.95161,66.78706,36.60600174,26.77300127,0.547000026,0.185,0.18375,-0.00435,-0.0049,-0.00485,-0.01,-0.0038,-0.00415,-0.0038
12/24/2022,9.736207,17.88655,66.84561,36.55800174,26.28800125,0.878000042,0.026,0.0207,0.0168,0.0113,0.00985,0.0023,0.0026,8.00E-04,5.00E-05
1/3/2023,9.338406,17.83142,66.91171,35.8600017,25.74800122,0.706000034,0.07825,0.081,0.0794,0.0757,-0.00145,-0.0044,-0.0042,-0.00485,-0.0049
1/13/2023,6.434449,17.8291,67.0123,36.51200173,25.63200122,0.655000031,0.05995,0.0584,0.05705,0.05215,0.05115,-0.00735,-0.00675,-0.0062,-0.00445
1/23/2023,8.870988,17.93731,67.15936,36.33000173,25.2080012,0.518000025,0.13825,0.1292,0.1212,0.11635,0.0302,0.02485,0.02605,0.0248,0.02215
9/10/2003,3.9481862,58.835,20.456,7.15600034,4.83800023,1.454000069,0.10355,0.1039,0.10395,0.10365,0.003,-0.00285,-0.0029,-0.0044,-0.0048
9/13/2003,4.3260984,58.88,20.49,6.920000329,4.42200021,1.922000091,0.01145,0.0121,0.0144,0.01425,0.0148,0.00455,0.00445,0.00125,5.00E-04
9/15/2003,4.3758235,58.879,20.472,6.863000326,4.302000204,2.469000117,0.2222,0.215,0.0017,0.00175,0.0022,-0.00305,-0.003,-0.00445,-0.00475
9/17/2003,4.1470876,58.815,20.502,7.120000338,4.984000237,2.203000105,0.1502,0.14735,0.1438,0.13785,0.0023,-0.00295,-0.00305,-0.0044,-0.00485
11/24/2003,4.266428,58.643,20.506,6.230000296,15.96200076,3.815000181,0.55215,0.53025,0.50665,0.48805,0.488,0.1318,0.13155,0.1284,0.1253
12/10/2016,5.927252,0.103,83.414,35.39000168,28.25100134,0.781000037,0.5073,-0.01,-0.01,-0.01,-0.01,-0.01,-0.01,-0.01,-0.01
12/20/2016,5.7681313,0.55,84.57,35.00900166,28.71100136,0.095000005,0.0989,0.0891,0.0793,0.06555,0.0622,-0.0039,-0.00385,-0.00455,-0.00485
12/30/2016,5.439944,0.183,85.512,34.47700164,28.82900137,0.109000005,0.033,0.03,0.0243,0.0119,0.0096,0.0023,0.0024,0.0015,0.0012
1/8/2017,5.2708783,0.541,86.66,35.22100167,28.38300135,0.723000034,0.121,0.1156,0.1084,0.0962,0.0931,-0.01,-0.01,-0.01,-0.01
1/18/2017,5.738296,0.297,87.618,35.14000167,28.84400137,0.168000008,0.0286,0.0251,0.0211,0.0094,0.0074,-0.01,-0.01,-0.01,-0.01
1/28/2017,5.48967,0.384,87.495,35.12900167,29.5280014,0.117000006,0.06435,0.0553,0.0489,0.0351,0.033,-0.00495,0.0282,0.0272,0.02595
2/7/2017,5.68857,0.455,87.682,34.77700165,28.94000137,0.051000002,0.1499,-0.01,-0.01,-0.01,-0.01,-0.01,-0.01,-0.01,-0.01
2/16/2017,5.60901,0.445,87.819,34.68900165,29.3810014,0.066000003,0.18775,0.01545,0.0101,0.00195,7.00E-04,-0.0036,-0.00365,-0.00435,-0.0049
2/26/2017,5.6487904,0.017,87.688,34.35400163,28.77200137,0.146000007,-0.01,-0.01,-0.01,-0.01,-0.01,-0.01,-0.01,-0.01,-0.01
3/8/2017,5.54934,0.113,88.079,34.07600162,29.26400139,0.088000004,0.2876,0.091,-0.01,-0.01,-0.01,-0.01,-0.01,-0.01,-0.01
3/18/2017,4.694065,0.209,88.229,34.28600163,29.4810014,0.080000004,0.09305,0.0821,0.07015,0.05435,0.05135,0.04245,0.04225,0.04065,0.03815
3/28/2017,5.5195045,0.699,88.309,34.46400164,29.69000141,0.058000003,-0.01,-0.01,-0.01,-0.01,-0.01,-0.01,-0.01,-0.01,-0.01
4/7/2017,4.7437906,1.412,87.966,34.91400166,29.87500142,0.058000003,0.1157,0.108,0.0954,0.078,0.0745,-0.01,0.0636,0.0611,0.0577
4/16/2017,5.579175,1.614,87.993,34.85700166,29.34600139,0.270000013,-0.01,-0.01,-0.01,-0.01,-0.01,-0.01,-0.01,-0.01,-0.01
4/26/2017,4.614505,1.271,88.384,34.37000163,30.00100142,0.073000003,0.06315,0.05605,0.0487,0.03535,0.033,-0.00325,-0.00335,-0.0043,-0.00405
5/6/2017,5.68857,2.033,89.397,34.59800164,30.07900143,0.088000004,0.08865,0.0876,0.08725,-0.01,-0.01,-0.01,-0.01,-0.01,-0.01
5/16/2017,5.8377466,1.773,90.998,34.45500164,29.97200142,0.109000005,0.2887,-0.01,-0.01,-0.01,-0.01,-0.01,-0.01,-0.01,-0.01
5/26/2017,5.3106585,1.273,91.495,34.33400163,29.5340014,0.058000003,0.1951,0.1815,0.0387,0.03435,0.0333,0.0305,0.02995,0.03,-0.01
6/5/2017,4.515054,0.707,90.807,34.22700163,29.75000141,0.051000002,0.0412,0.0346,0.0256,0.0112,0.0088,0.0016,0.0014,5.00E-04,2.00E-04
6/25/2017,4.594615,1.844,89.886,33.85600161,29.5210014,0.066000003,0.2638,-0.01,-0.01,-0.01,-0.01,-0.01,-0.01,-0.01,-0.01
7/5/2017,5.6388454,2.851,90.291,33.92300161,29.3730014,0.073000003,0.0873,0.0729,0.0545,0.0382,0.03485,0.0283,0.0285,0.0275,0.02675
7/15/2017,5.161483,2.327,90.763,33.56300159,29.03800138,0.080000004,0.1215,0.1151,0.1077,0.0941,0.0911,-0.01,-0.01,-0.01,-0.01
7/24/2017,5.499615,1.278,89.653,34.43300164,29.59000141,0.073000003,0.0439,0.03665,0.0273,0.01075,0.0083,0.0024,0.00265,0.0016,9.50E-04
8/3/2017,3.9879668,0.716,88.432,34.45500164,28.98100138,0.365000017,0.21935,0.0121,0.00555,-0.00115,-0.0028,-0.00445,-0.00385,-0.0046,-0.00365
8/13/2017,5.6587353,0.731,87.936,34.43000164,28.80600137,0.745000035,-0.01,-0.01,-0.01,-0.01,-0.01,-0.01,-0.01,-0.01,-0.01
8/23/2017,4.68412,0.564,87.639,34.49500164,29.22600139,0.109000005,0.1011,0.0994,0.0982,0.0904,0.0888,-0.01,-0.01,-0.01,-0.01
9/2/2017,5.320604,1.003,87.655,34.22500163,29.10900138,0.161000008,0.33725,0.06,0.05665,0.0473,0.04555,-0.01,-0.01,-0.01,-0.01
9/12/2017,4.813406,0.868,88.302,33.96100161,28.90700137,0.080000004,0.14,0.13425,0.00645,1.50E-04,-0.0013,-0.00425,-0.00395,-0.0046,-0.00465
10/1/2017,5.559285,0.617,89.611,34.11500162,29.4000014,0.088000004,0.06825,0.0563,0.043,0.0265,0.02345,0.016,0.016,0.01485,0.0135
10/11/2017,5.0023623,0.618,89.695,34.19400162,28.87600137,0.270000013,0.1243,0.1322,-0.01,-0.01,-0.01,-0.01,-0.01,-0.01,-0.01
10/21/2017,4.5548344,0.653,90.356,34.31300163,29.63200141,0.117000006,0.10215,0.09,0.07785,0.0609,0.0573,-0.00255,-0.0026,-0.00385,-0.00465
10/31/2017,5.8874717,0.269,91.152,33.7500016,29.4680014,0.080000004,0.41625,0.12995,-0.01,-0.01,-0.01,-0.01,-0.01,-0.01,-0.01
11/10/2017,4.902911,-0.378,91.503,34.25000163,29.04900138,0.088000004,0.19055,-0.01,-0.01,-0.01,-0.01,-0.01,-0.01,-0.01,-0.01
11/29/2017,4.395714,0.42,90.337,34.43700164,28.71500136,0.109000005,0.2944,0.07005,0.06505,0.0594,0.05825,-0.01,-0.01,-0.01,-0.01
12/9/2017,5.6786256,0.817,89.357,34.31600163,28.86300137,0.095000005,0.30915,0.0295,0.0247,0.01795,0.01655,0.0114,0.01125,0.0103,0.0091
12/19/2017,5.201263,0.65,89.171,33.96200161,29.3710014,0.168000008,0.0613,0.0502,0.0398,0.02645,0.02345,0.01475,0.01485,0.013,0.01165
12/29/2017,5.68857,0.43,88.709,34.62000164,29.10200138,0.073000003,-0.01,-0.01,-0.01,-0.01,-0.01,-0.01,-0.01,-0.01,-0.01
1/8/2018,4.6741753,0.421,88.505,34.90800166,28.91600137,0.051000002,0.07545,0.0682,0.05995,0.0466,0.04405,0.0358,0.0359,0.03385,-0.00465
1/18/2018,5.68857,0.627,87.683,34.89300166,28.99100138,0.109000005,0.33085,0.1067,-0.01,-0.01,-0.01,-0.01,-0.01,-0.01,-0.01
1/27/2018,5.6587353,0.206,86.461,34.92600166,28.91000137,0.088000004,0.5292,-0.01,-0.01,-0.01,-0.01,-0.01,-0.01,-0.01,-0.01
2/6/2018,5.400164,0.204,84.636,34.54700164,28.91100137,0.066000003,0.09815,0.0891,0.0781,0.06275,-0.00175,-0.00455,-0.0045,-0.00495,-0.00475
2/16/2018,5.7084603,0.488,82.544,34.73800165,29.4780014,0.036000002,0.10705,0.09615,0.08445,0.068,0.0647,0.01775,0.0187,0.01795,0.0197
5/16/2018,4.614505,1.298,73.722,34.73200165,29.73700141,0.051000002,0.0194,0.0143,0.0091,0.00165,4.50E-04,-0.0036,-0.0037,-0.0043,-0.00485
5/26/2018,4.594615,1.15,73.996,34.97800166,29.33800139,0.117000006,0.2815,0.2686,0.0825,-0.01,-0.01,-0.01,-0.01,-0.01,-0.01
6/5/2018,5.827801,0.903,74.244,35.13600167,29.4210014,0.270000013,0.6324,-0.01,-0.01,-0.01,-0.01,-0.01,-0.01,-0.01,-0.01
6/14/2018,5.52945,1.219,74.787,35.08200167,29.65200141,0.131000006,0.2631,0.01955,0.0141,0.00525,0.0035,-0.0025,-0.00245,-0.00385,-0.0046
6/24/2018,4.524999,1.692,75.366,34.89400166,29.15900138,0.131000006,0.1423,0.1492,0.0025,-0.00235,-0.0033,-0.0049,-0.00465,-0.0051,-0.00475
5/24/2018,5.4200544,2.358,75.443,34.84200165,28.80300137,0.358000017,0.1723,0.1658,0.1595,0.1512,-0.01,-0.01,-0.01,-0.01,-0.01
8/22/2018,5.211208,2.335,77.223,35.31900168,28.55400136,0.394000019,0.1906,0.1841,0.0662,0.06195,-0.01,-0.01,-0.01,-0.01,-0.01
9/21/2018,4.3559337,2.657,76.878,35.19000167,28.68300136,0.438000021,-0.01,-0.01,-0.01,-0.01,-0.01,-0.01,-0.01,-0.01,-0.01
10/1/2018,5.6786256,2.636,77.604,35.28100168,28.59400136,0.161000008,0.33835,0.09445,0.089,-0.01,-0.01,-0.01,-0.01,-0.01,-0.01
10/20/2018,4.455384,2.627,79.238,35.36700168,29.4790014,0.161000008,0.0799,0.0703,0.06115,0.04645,0.04405,-0.00505,-0.0047,-0.0047,-0.0039
10/30/2018,5.410109,2.353,79.725,34.73200165,28.54300136,0.21900001,0.1125,0.1082,0.10525,0.00175,2.00E-04,-7.00E-04,-2.00E-04,-4.00E-04,0.0012
11/9/2018,4.5747247,2.534,79.527,34.68300165,28.67500136,0.153000007,0.16435,-0.01,-0.01,-0.01,-0.01,-0.01,-0.01,-0.01,-0.01
11/19/2018,5.7084603,2.361,79.272,34.32000163,29.12100138,0.095000005,0.18475,0.1777,0.00945,0.0039,0.0023,-0.01,-0.01,-0.01,-0.0019
11/29/2018,5.3404937,2.233,78.933,34.30600163,29.62600141,0.088000004,0.1607,0.1507,0.01615,0.01,0.00855,0.00505,0.005,0.00445,0.004
1/7/2019,4.634395,1.721,80.623,35.15300167,28.81900137,0.161000008,0.26165,0.00865,0.006,7.50E-04,-4.00E-04,-0.0041,-0.004,-0.00465,-0.00485
1/17/2019,5.6388454,1.989,81.868,34.74400165,29.26600139,0.146000007,0.0241,0.0185,0.0134,0.00465,0.00315,-0.0027,-0.0026,-0.0036,-0.0046
1/27/2019,4.425549,1.816,81.852,35.19600167,28.89300137,0.124000006,0.0149,0.0125,0.01035,0.00335,0.00175,-0.00245,-0.0024,-0.0037,-0.0045
2/5/2019,5.5095596,2.036,81.665,35.10300167,29.5230014,0.095000005,0.1446,0.1415,0.1366,0.1271,-0.01,-0.01,-0.01,-0.01,-0.01
2/15/2019,5.56923,1.84,81.753,35.06700167,29.35800139,0.117000006,0.06805,0.06675,0.0653,0.06165,-0.01,-0.01,-0.01,-0.01,-0.01
3/17/2019,5.5990653,1.793,81.122,34.82500165,29.85000142,0.051000002,0.0852,0.0769,0.0694,0.0543,0.0517,0.0497,0.0511,0.0504,0.0495
3/27/2019,5.8079114,1.719,80.82,34.91300166,30.00500143,0.066000003,0.1369,0.13135,0.03135,0.0247,0.02335,0.0208,0.02095,0.02045,0.01975
4/5/2019,3.928296,1.817,80.957,34.95300166,30.27200144,0.088000004,0.03735,0.0317,0.02585,0.01975,0.0184,0.01545,0.016,0.01505,0.01395
4/25/2019,4.5448895,1.912,81.898,34.18900162,30.10500143,0.015000001,-0.01,-0.01,-0.01,-0.01,-0.01,-0.01,-0.01,-0.01,-0.01
5/5/2019,5.738296,1.775,82.812,34.69200165,30.10400143,0.007,0.1003,0.0956,0.0912,0.0813,0.0793,-0.01,0.074,-0.01,-0.01
5/15/2019,4.50511,1.33,83.395,34.90700166,30.45400145,0.044000002,0.11585,0.10905,0.1025,0.09295,0.0221,0.01935,0.01925,0.0192,0.0188
5/25/2019,4.3857684,1.316,84.372,34.86300166,30.61600145,0.029000001,0.20605,0.18895,0.0137,0.00385,0.0022,-0.0033,-0.0033,-0.0044,-0.005
6/4/2019,5.6686807,1.809,85.028,34.08400162,29.99100142,0.058000003,0.27185,0.01285,0.00755,2.50E-04,-7.50E-04,-0.00415,-0.0042,-0.0045,-0.0046
6/13/2019,4.7239003,2.074,85.615,34.42700164,30.12200143,0.088000004,0.0435,0.0336,0.02305,0.0089,0.0063,9.00E-04,0.00115,2.00E-04,4.00E-04
6/23/2019,4.833296,2.895,85.889,34.79200165,29.60200141,0.190000009,-0.01,-0.01,-0.01,-0.01,-0.01,-0.01,-0.01,-0.01,-0.01
7/3/2019,4.823351,3.334,86.027,34.60000164,29.36800139,0.124000006,0.1346,0.1272,0.1196,0.1084,0.1062,-0.01,-0.01,-0.01,-0.01
7/23/2019,4.5548344,2.75,86.098,34.63300164,29.4650014,0.197000009,0.3241,0.31455,-0.01,-0.01,-0.01,-0.01,-0.01,-0.01,-0.01
8/1/2019,5.6587353,3.138,86.579,34.61100164,29.27700139,0.117000006,0.1915,0.00965,0.0068,5.00E-05,-9.50E-04,-0.00425,-0.00425,-0.0048,-0.00485
8/21/2019,5.7184057,2.877,87.284,33.43200159,28.77700137,0.650000031,0.1474,0.14905,-0.01,-0.01,-0.01,-0.01,-0.01,-0.01,-0.01
8/31/2019,5.439944,3.205,87.142,33.5830016,29.05400138,0.190000009,0.0683,0.0619,0.0571,0.04635,-0.01,-0.01,-0.01,-0.01,-0.01
9/20/2019,26.752193,3.576,87.086,34.68900165,28.90900137,0.314000015,0.0349,0.0276,0.0227,0.0103,0.008,0.0013,0.0017,8.00E-04,6.00E-04
9/30/2019,5.8974166,3.041,86.773,33.6580016,29.14100138,0.095000005,0.034,0.02785,0.0229,0.0113,0.0087,1.00E-04,3.00E-04,-0.00255,-0.0042
11/19/2019,26.563238,2.02,83.913,33.7060016,28.79400137,0.015000001,0.1583,0.14755,0.0175,0.0103,0.00905,0.0024,0.00315,0.00105,-0.0027
12/19/2019,21.431591,2,82.533,34.20200162,29.28100139,0.124000006,0.18515,0.18285,0.00815,0.0013,-1.00E-04,-0.00405,-0.00405,-0.0047,-0.0049
1/27/2020,4.3559337,2.09,83.706,34.42800164,29.4980014,0.102000005,0.2728,-0.01,-0.01,-0.01,-0.01,-0.01,-0.01,-0.01,-0.01
2/25/2020,5.3404937,1.876,85.499,34.24300163,29.19900139,0.029000001,0.0425,0.0323,0.0259,0.0138,0.0115,0.004,0.0047,0.0029,8.00E-04
3/16/2020,5.927252,2.603,85.608,33.84600161,29.66800141,0.007,0.37435,0.1167,-0.01,-0.01,-0.01,-0.01,-0.01,-0.01,-0.01
4/25/2020,5.5990653,2.503,86.016,34.43400164,30.35000144,0.095000005,0.46605,-0.01,-0.01,-0.01,-0.01,-0.01,-0.01,-0.01,-0.01
5/4/2020,4.9426913,2.105,86.248,34.20100162,30.24600144,0.102000005,0.57825,-0.01,-0.01,-0.01,-0.01,-0.01,-0.01,-0.01,-0.01
5/14/2020,5.579175,1.719,86.634,34.30300163,30.11500143,0.153000007,0.20295,0.1924,0.00435,-0.00315,-0.0049,-0.005,-0.00445,-0.00515,-0.0035
5/24/2020,4.1271973,1.932,86.851,34.27700163,29.5280014,0.161000008,0.0272,0.0206,0.0172,0.0055,0.0039,-3.00E-04,2.00E-04,-2.00E-04,5.00E-04
6/3/2020,5.48967,2.072,86.987,34.24400163,30.11200143,0.102000005,0.0836,0.0784,0.0733,0.061,0.0587,0.0631,0.0647,0.0641,0.064
6/13/2020,4.4951644,2.044,87.284,34.33100163,30.10000143,0.080000004,0.0794,0.0779,0.07655,0.06585,-0.01,-0.01,-0.01,-0.01,-0.01
6/23/2020,5.3404937,2.343,88.25,34.26900163,29.4560014,0.168000008,-0.01,-0.01,-0.01,-0.01,-0.01,-0.01,-0.01,-0.01,-0.01
7/3/2020,4.296263,3.347,88.607,34.45100164,28.96600138,0.993000047,0.0331,0.0285,0.02545,0.0178,0.01595,0.0142,0.01495,0.01405,0.0144
7/12/2020,5.5195045,3.682,88.943,34.12300162,29.35300139,0.153000007,0.16005,0.13965,0.1257,0.11645,0.048,-0.01,-0.01,-0.01,-0.01
9/19/2020,4.007857,4.735,88.786,33.96100161,28.78900137,0.292000014,0.5018,0.1603,-0.01,-0.01,-0.01,-0.01,-0.01,-0.01,-0.01
10/9/2020,26.443897,4.095,87.882,33.49700159,28.89000137,0.022000001,0.4115,-0.01,-0.01,-0.01,-0.01,-0.01,-0.01,-0.01,-0.01
10/19/2020,5.6388454,3.933,87.203,34.05500162,28.80800137,0.255000012,0.1127,0.1066,0.10205,-5.00E-04,-0.00165,-0.0036,-0.0033,-0.0037,-0.0041
10/29/2020,4.5846696,3.861,86.661,34.11200162,28.86900137,0.139000007,0.33335,0.10055,-0.01,-0.01,-0.01,-0.01,-0.01,-0.01,-0.01
11/18/2020,4.226648,3.255,85.859,34.21200162,28.93200137,0.080000004,0.5887,0.17145,-0.01,-0.01,-0.01,-0.01,-0.01,-0.01,-0.01
2/14/2021,5.827801,5.843,84.944,33.99900161,28.71500136,0,0.0889,0.0894,0.0867,0.077,0.0756,-0.01,-0.01,-0.01,-0.01
6/2/2021,4.316153,3.657,81,34.48900164,28.96600138,0.584000028,0.0638,0.0611,0.0599,0.0548,0.0535,0.0491,0.0495,0.0486,0.0474
8/10/2021,5.698516,3.811,77.757,35.10200167,28.55700136,0.182000009,0.3177,-0.01,-0.01,-0.01,-0.01,-0.01,-0.01,-0.01,-0.01
8/20/2021,5.7482414,4.037,76.735,34.81700165,28.64300136,0.453000022,0.1195,0.1131,0.10945,0.00105,4.50E-04,-0.0038,-0.0036,-0.00455,-0.0047
9/28/2021,5.390219,2.911,75.028,34.86900166,28.91400137,0.080000004,0.1154,0.1047,0.09615,0.0846,0.00125,-0.00315,-0.00295,-0.00405,-0.0045
10/8/2021,5.3106585,2.456,74.556,34.92700166,29.4290014,0,0.1518,0.1419,0.13165,0.12185,0.04705,-0.01,-0.01,-0.01,-0.01
10/18/2021,5.3106585,2.861,74.499,35.23000167,28.90200137,0.182000009,0.20085,0.18805,0.0495,0.0454,0.04355,-0.01,-0.01,-0.01,-0.01
2/23/2022,5.032197,3.039,74.449,33.86400161,29.24100139,0.058000003,0.13385,0.1251,0.0039,-0.00245,-0.0037,-0.00475,-0.00445,-0.00485,-0.00435
3/5/2022,5.439944,3.133,75.199,34.47300164,29.33700139,0.029000001,0.0516,0.0404,0.0312,0.0157,0.0133,0.0051,0.0056,0.0033,0.0015
5/24/2022,5.459834,1.751,79.234,34.46000164,29.4920014,0.066000003,0.0913,0.0827,0.074,0.0609,0.0583,0.0514,0.0516,0.0501,0.0487
6/2/2022,5.5195045,2.19,80.084,34.51200164,29.27500139,0.139000007,0.1131,0.1038,0.0987,0.0859,0.0852,-0.01,-0.01,-0.01,-0.01
7/2/2022,4.654285,1.615,80.759,34.34700163,28.78600137,0.168000008,0.0475,0.0367,0.0267,0.0128,0.0102,0.0028,0.0029,0.0014,4.00E-04
7/12/2022,5.48967,1.939,81.309,34.45200164,28.90300137,0.380000018,0.0977,0.0912,0.0878,0.0803,0.078,0.0743,0.0748,-0.01,-0.01
7/22/2022,5.1415925,2.492,81.222,34.49000164,28.58400136,0.336000016,0.2871,0.2778,-0.01,-0.01,-0.01,-0.01,-0.01,-0.01,-0.01
8/1/2022,5.827801,2.739,80.908,34.61800164,28.40000135,0.445000021,0.3887,-0.01,-0.01,-0.01,-0.01,-0.01,-0.01,-0.01,-0.01
8/11/2022,4.0774717,2.754,80.974,34.65100165,28.35900135,0.526000025,0.0301,0.024,0.0221,0.0144,0.0124,0.0048,0.0059,0.0028,0.0016
8/20/2022,5.400164,3.405,80.604,34.94700166,28.53800136,0.255000012,0.2868,0.2716,-0.01,-0.01,-0.01,-0.01,-0.01,-0.01,-0.01
8/30/2022,3.898461,4.053,80.662,34.80900165,26.49000126,2.0950001,0.03675,0.0354,0.03325,0.0304,0.0292,0.02725,0.02795,0.027,0.0262
9/9/2022,5.6686807,4.486,80.91,34.78300165,27.4330013,1.840000087,0.0863,0.0802,0.076,0.07285,-0.004,-0.01,-0.01,-0.01,-0.01
9/19/2022,3.898461,3.832,81.12,34.96600166,28.63300136,0.117000006,0.1479,0.1434,0.1418,0.1359,-0.01,-0.01,-0.01,-0.01,-0.01
10/9/2022,4.7040105,3.565,82.496,34.79900165,28.18900134,0.43100002,0.24125,0.0428,0.039,0.03525,0.03355,-0.01,0.02825,-0.01,-0.01
10/18/2022,5.559285,4.048,82.802,33.5960016,28.46600135,0.620000029,0.07505,0.06715,0.0581,0.0497,0.04685,-0.0036,-0.0035,-0.00435,-0.0049
10/28/2022,5.9371967,3.855,83.044,33.6140016,28.52900136,0.190000009,0.117,0.1074,0.0974,0.0885,0.085,0.0735,0.0735,0.0699,0.0674
12/17/2022,5.400164,3.691,83.979,34.53200164,28.20900134,0.474000023,0.33555,0.0134,0.0095,0.00465,0.0031,-0.0027,-0.00255,-0.00385,-0.0045
1/6/2023,4.694065,3.346,82.575,35.33200168,28.45700135,0.562000027,0.2768,-0.0011,-4.00E-04,-0.0033,-0.00405,-0.0055,-0.0051,-0.0051,-0.0043
1/15/2023,5.758186,3.299,82.158,34.66500165,28.48600135,0.117000006,0.177,0.1646,-0.01,-0.01,-0.01,-0.01,-0.01,-0.01,-0.01
1/25/2023,4.455384,3.11,82.258,34.93700166,28.60600136,0.058000003,0.1359,0.1215,0.1095,0.0973,0.095,-0.01,-0.01,-0.01,-0.01
1/11/2016,1.503,57.1917,11.6667,20.69300098,3.177000151,0.6208,0.6208,0.5919,0.5553,0.5252,0.5212,0.1852,0.1844,0.17545,0.16835
2/18/2016,0.999,57.1927,11.6578,25.1930012,2.991000142,0.38195,0.38195,0.36705,0.34795,0.3318,0.10485,-0.01,-0.01,-0.01,-0.01
3/17/2016,0.504,57.1927,11.6578,13.50400064,4.486000213,0.4118,0.4118,0.0419,0.03985,0.0362,0.0363,0.03535,0.03615,0.03575,0.03625
4/20/2016,2.007,57.1926,11.6579,19.56900093,7.685000365,0.0092,0.0092,0.01205,0.01205,0.01045,0.01025,0.0022,0.0022,6.00E-04,1.00E-04
5/18/2016,1.003,57.1927,11.6578,20.69500098,11.68800056,0.01045,0.01045,0.0116,0.01225,0.01035,0.0099,0.00185,0.0019,5.00E-04,1.00E-04
6/15/2016,0.504,57.1927,11.6578,16.55800079,17.29900082,0.0036,0.0036,0.00295,0.0038,0.0017,0.00115,-0.00365,-0.0036,-0.00435,-0.0047
7/22/2016,1.003,57.1917,11.6667,22.66400108,19.83600094,0.02295,0.02295,0.021,0.01915,0.01515,0.0138,0.003,0.003,0.00125,1.50E-04
8/24/2016,0.501,57.1917,11.6667,22.35100106,18.33000087,0.05105,0.05105,0.0481,0.0463,0.04165,0.04045,0.03115,0.03085,0.02945,0.02765
9/14/2016,1.004,57.1927,11.6578,21.28800101,18.27200087,0.00515,0.00515,0.00285,0.00565,0.00315,0.00325,6.50E-04,0.00125,3.00E-04,0.00115
10/12/2016,0.502,57.1927,11.6578,19.65000093,11.55100055,0.7482,0.7482,0.73545,-0.01,-0.01,-0.01,-0.01,-0.01,-0.01,-0.01
11/16/2016,1.999,57.1927,11.6578,24.40800116,6.511000309,0.51355,0.51355,0.51705,0.5257,0.5271,0.5315,-0.01,-0.01,-0.01,-0.01
12/9/2016,0.996,57.1925,11.6578,28.22200134,6.3130003,0.26615,0.26615,0.2661,0.27565,0.276,0.28,0.26725,0.26615,0.2595,0.04535
1/11/2017,0.996,57.1925,11.6582,28.35900135,4.194000199,0.8775,0.8775,0.89015,0.9087,0.8999,0.34135,-0.01,-0.01,-0.01,-0.01
2/12/2017,1.004,57.1927,11.6578,17.51800083,0.959000046,0.1895,0.1895,0.19375,0.19865,0.18935,0.1909,-0.00135,-0.00155,-0.00255,-0.0031
3/11/2017,0.501,57.1932,11.6568,21.47500102,2.94800014,0.1931,0.1931,0.19465,0.19605,-9.50E-04,-4.50E-04,-0.0037,-0.00345,-0.00475,-0.00505
4/21/2017,1.5,57.1928,11.6577,23.31900111,6.826000324,0.68565,0.68565,-0.01,-0.01,-0.01,-0.01,-0.01,-0.01,-0.01,-0.01
5/18/2017,0.503,57.1927,11.6578,17.84800085,11.06200053,0.40865,0.40865,0.0562,0.0538,0.0515,0.051,-0.01,-0.01,-0.01,-0.01
6/16/2017,0.501,57.1927,11.658,21.91400104,15.38900073,0.0441,0.0441,0.0428,0.042,0.03975,0.0393,-0.01,0.0335,-0.01,-0.01
7/12/2017,1.001,57.1927,11.6578,24.38000116,17.05400081,0.00265,0.00265,0.0024,0.00205,2.00E-04,-2.00E-04,-0.0039,-0.00385,-0.00465,-0.00505
9/16/2017,1.004,57.1923,11.6577,20.53500098,16.10900077,0.1347,0.1347,0.13855,0.1448,-0.0012,-0.00135,-0.0045,-0.0044,-0.0051,-0.0051
10/10/2017,0.499,57.1922,11.6575,28.48600135,13.38700064,0.21525,0.21525,0.2139,0.21555,0.00225,0.00255,-0.0032,-0.00295,-0.0047,-0.0052
11/8/2017,0.998,57.1925,11.658,26.80600127,9.766000464,0.13035,0.13035,0.13,0.13275,0.12675,0.12725,0.12325,0.1243,0.1216,-0.00515
12/18/2017,0.998,57.1927,11.658,25.90700123,5.721000272,0.37365,0.37365,0.36345,0.3566,0.3476,0.34955,0.0298,0.0291,0.026,0.0227
2/2/2018,1.002,57.1927,11.6577,20.66400098,3.238000154,0.1132,0.1132,0.11185,0.11315,0.10925,0.11015,0.09525,0.0945,0.09135,0.09025
3/18/2018,1.506,57.1928,11.6587,17.77500084,0.588000028,0.01885,0.01885,0.01695,0.0167,0.01555,0.01665,0.00645,0.0067,0.0036,0.0023
4/15/2018,0.502,57.1927,11.6582,19.42500092,6.896000328,0.66455,0.66455,0.2388,-0.01,-0.01,-0.01,-0.01,-0.01,-0.01,-0.01
5/26/2018,1.006,57.1927,11.6583,17.82700085,18.36200087,0.33245,0.33245,0.046,0.0421,0.03965,0.039,0.0329,0.03255,0.03155,0.03
9/22/2018,0.996,57.1927,11.658,30.53600145,15.07000072,0.4661,0.4661,-0.0016,-4.00E-04,-0.0022,-0.00195,-0.0056,-0.00535,-0.00595,-0.0045
10/16/2018,1.498,57.1917,11.6667,26.76800127,13.18200063,0.3115,0.3115,0.31075,0.00475,0.0025,0.0022,-0.00305,-0.00305,-0.0044,-0.0046
11/10/2018,1.5,57.1928,11.658,23.78500113,10.01200048,0.7802,0.7802,0.76135,0.7612,-0.01,-0.01,-0.01,-0.01,-0.01,-0.01
12/6/2018,1.499,57.1928,11.6573,24.76400118,6.965000331,0.42545,0.42545,0.41595,0.4107,0.40105,0.40225,0.0259,0.02505,0.02255,0.01935
1/14/2019,0.995,57.1927,11.6583,29.5680014,4.63700022,0.1705,0.1705,0.1654,0.1691,0.16775,0.17025,0.1548,0.1533,0.1479,0.14395
2/19/2019,1.502,57.1927,11.6578,21.23600101,3.475000165,0.2528,0.2528,0.2522,0.25265,0.24475,0.00665,-0.0015,-0.0013,-0.0044,-0.0045
3/16/2019,0.5,57.1932,11.6583,24.67700117,4.523000215,0.3776,0.3776,0.36855,0.1299,0.12585,-0.01,-0.01,-0.01,-0.01,-0.01
5/12/2019,1.505,57.1923,11.657,19.79700094,10.31800049,-7.50E-04,-7.50E-04,8.00E-04,0.0053,0.00535,0.00615,3.50E-04,6.00E-04,-2.00E-04,3.50E-04
6/12/2019,1.004,57.1928,11.6577,19.67900093,14.8390007,5.00E-04,5.00E-04,2.50E-04,0.00215,0.0018,0.0016,-0.0032,-0.00295,-0.004,-0.00475
7/15/2019,1.502,57.1927,11.6577,24.33200116,16.96600081,0.3169,0.3169,-0.01,-0.01,-0.01,-0.01,-0.01,-0.01,-0.01,-0.01
8/18/2019,1.001,57.1925,11.6587,25.2320012,17.29200082,0.62725,0.62725,0.17855,-0.01,-0.01,-0.01,-0.01,-0.01,-0.01,-0.01
10/15/2019,2.004,57.1917,11.6667,22.43800107,12.6610006,0.3057,0.3057,0.2936,0.2853,0.27735,0.27645,-0.01,-0.01,-0.01,-0.01
11/13/2019,1.001,57.193,11.6577,22.80200108,9.348000444,0.2864,0.2864,0.26745,0.256,0.2395,0.23915,0.0305,0.0306,0.0273,0.02335
12/14/2019,1.496,57.1925,11.658,27.24000129,7.334000348,0.6466,0.6466,0.6342,0.6323,0.62455,0.63045,0.2404,0.239,-0.01,-0.01
2/6/2020,1.999,57.1928,11.6573,23.89300113,5.034000239,0.07735,0.07735,0.0804,0.0879,0.08825,0.0912,0.08275,0.083,0.0785,0.07685
3/15/2020,1.503,57.1927,11.6575,20.73000098,5.244000249,0.3534,0.3534,0,6.00E-04,-3.00E-04,2.00E-04,-0.0038,-0.0035,-0.00485,-0.005
4/14/2020,1.499,57.1913,11.659,24.26500115,6.52800031,0.09075,0.09075,0.08605,0.08345,0.08245,0.0823,-0.00425,-0.0042,-0.0049,-0.0051
5/11/2020,1,57.1933,11.6575,24.67200117,9.231000438,0.4035,0.4035,-2.50E-04,3.50E-04,-3.00E-04,-2.50E-04,-0.0044,-0.00435,-0.0049,-0.0051
6/3/2020,1.004,57.1927,11.6575,19.89200094,15.17700072,0.0131,0.0131,0.01175,0.012,0.01025,0.00995,0.0015,0.00145,3.00E-04,0
7/7/2020,2,57.1923,11.6597,25.86300123,15.76000075,0.07695,0.07695,0.06775,0.06035,0.05405,0.0523,-0.01,-0.01,-0.01,-0.01
8/16/2020,1.508,57.1927,11.6578,19.92700095,19.41300092,0.0254,0.0254,0.0239,0.0258,0.0226,0.0218,0.0038,0.0036,0.0012,0
9/7/2020,1.502,57.1925,11.6588,23.56500112,16.59800079,0.0115,0.0115,0.0097,0.01355,0.01325,0.01395,9.50E-04,8.00E-04,-1.00E-04,3.50E-04
10/19/2020,2.005,57.1925,11.6588,21.59000103,11.85600056,0.01215,0.01215,0.0092,0.0118,0.00875,0.0099,0.001,0.0015,-1.50E-04,5.00E-05
11/12/2020,3.003,57.1927,11.6577,23.1890011,10.5020005,0.7622,0.7622,0.7357,0.7127,0.6854,0.32385,-0.01,-0.01,-0.01,-0.01
12/12/2020,1.502,57.1935,11.6563,22.12300105,6.586000313,,0.66425,0.6222,0.58585,0.5441,0.5411,0.48015,0.47445,0.2029,0.18605
1/14/2021,1.001,57.1927,11.6578,21.81500104,3.56900017,,0.3391,0.33935,0.35125,0.3499,0.35495,0.10975,0.1083,0.1053,0.1031
2/9/2021,1.506,57.1918,11.656,17.70300084,0.434000021,,0.15685,0.15645,0.1617,0.1593,0.16135,0.0323,0.15865,0.0313,0.0303
3/20/2021,0.999,57.1923,11.658,24.28800115,3.977000189,,0.2737,0.26835,0.0011,-4.00E-04,-3.00E-04,-0.00425,-0.0043,-0.00495,-0.0052
4/13/2021,1.496,57.1925,11.6592,27.11000129,5.623000267,,0.2761,0.264,0.25765,0.0969,-0.01,-0.01,-0.01,-0.01,-0.01
5/19/2021,2.006,57.1918,11.6597,20.41600097,11.59600055,,0.03475,0.02775,0.02275,0.0181,0.0173,0.00455,0.00435,0.00195,-1.00E-04
6/11/2021,1.508,57.193,11.6568,18.17200086,16.14000077,,0.1817,0.1742,0.0457,0.04155,0.0406,0.0328,0.0326,0.0307,0.02835
7/13/2021,1.511,57.1927,11.658,17.85800085,21.17300101,,0.02815,0.0243,0.0218,0.0177,0.01675,0.00545,0.00515,0.00275,4.50E-04
8/14/2021,2.006,57.193,11.66,22.52500107,18.25800087,,0.41095,0.3894,-0.01,-0.01,-0.01,-0.01,-0.01,-0.01,-0.01
9/16/2021,1.504,57.1927,11.657,21.79300104,16.42500078,,0.7769,-0.01,-0.01,-0.01,-0.01,-0.01,-0.01,-0.01,-0.01
10/15/2021,1.996,57.1928,11.658,27.4020013,12.98800062,,0.1179,0.10525,0.1034,0.1025,0.1041,-0.0047,-0.00435,-0.0053,-0.00495
11/8/2021,1.498,57.1928,11.6575,25.82000123,10.4800005,,0.10255,0.0949,0.09395,0.0924,0.0941,0.08185,0.08065,0.0772,0.0767
12/16/2021,1,57.192,11.6583,23.55600112,5.587000265,,0.33475,0.296,0.2782,0.26425,0.2636,0.23725,0.2352,0.0089,0.00685
1/10/2022,1.501,57.1928,11.6583,22.34000106,4.00400019,,0.40805,0.3898,0.38905,0.38555,0.3897,0.01655,0.01615,0.01295,0.00965
1/30/2022,1.493,57.188,11.6603,29.22300139,4.786000227,,0.38015,0.34885,0.3359,0.3215,0.0064,-0.0046,-0.0046,-0.00645,-0.0046
2/8/2022,1.494,57.1927,11.6578,28.67000136,4.523000215,,0.02825,0.01655,0.02345,0.02535,0.0272,0.00525,0.0049,-3.50E-04,2.50E-04
3/20/2022,1.512,57.1935,11.6575,13.08400062,4.547000216,,0.0216,0.0138,0.01275,0.01155,0.01195,0.00235,0.0023,5.00E-04,-3.00E-04
4/25/2022,2.008,57.1932,11.66,18.72900089,8.84000042,,0.00765,0.0077,0.0108,0.0093,0.00945,9.50E-04,0.001,-1.50E-04,-5.00E-05
5/21/2022,1.004,57.1927,11.6577,19.42900092,13.52000064,,0.2503,-0.00145,-6.00E-04,-0.0013,-0.00135,-0.0048,-0.0047,-0.00515,-0.0049
6/16/2022,2.003,57.1925,11.6568,23.39100111,15.59400074,,0.0365,0.034,0.0327,0.0293,0.02855,0.01975,0.0197,0.0194,0.01845
7/12/2022,1.5,57.1928,11.6585,26.07800124,18.05500086,,0.13455,0.12865,0.1249,3.00E-04,-5.00E-05,-0.0045,-0.00445,-0.0049,-0.005
8/12/2022,1.505,57.1922,11.659,22.14600105,19.24500091,,0.0168,0.0136,0.0122,0.00945,0.0088,0.0011,0.0012,3.50E-04,-5.00E-05
9/16/2022,2.005,57.1928,11.6573,22.40700106,15.88000075,,0.02095,0.0174,0.01495,0.01225,0.0117,0.00255,0.00285,0.00115,3.50E-04
11/9/2022,1.498,57.1927,11.6578,26.37000125,11.77300056,,0.4467,0.44375,0.4494,0.4487,0.4534,-0.01,-0.01,-0.01,-0.01
12/14/2022,1,57.1923,11.6577,23.00800109,3.689000175,,0.2105,0.18155,0.17315,0.1662,0.1673,0.13595,0.13295,0.1256,0.11765
1/15/2023,0.997,57.1925,11.6573,27.92900133,5.48400026,,0.1339,0.11955,0.1272,0.12585,0.12805,0.1143,0.11385,0.10815,0.10365
2/2/2023,2.492,57.18,11.6585,27.56500131,4.399000209,,0.07655,0.06215,0.06885,0.0699,0.0724,0.0708,0.07085,0.06975,0.0695
2/9/2023,2.489,57.1927,11.6578,29.04000138,4.233000201,,0.19625,0.17845,0.172,0.17055,0.1719,0.03835,0.0387,0.03775,0.03715
6/2/2021,0.000228736,52.979,-139.933,32.30900153,8.472000402,0.63800003,0.4939,0.19495,-0.01,-0.01,-0.01,-0.01,-0.01,-0.01,-0.01
6/12/2021,0.000218791,52.955,-140.019,32.34100154,8.545000406,0.331000016,0.24325,0.2282,0.0431,0.03745,0.0363,0.0315,0.03145,0.0304,0.029
6/22/2021,0.000228736,52.907,-140.132,32.31000153,9.580000455,0.485000023,0.53435,-0.01,-0.01,-0.01,-0.01,-0.01,-0.01,-0.01,-0.01
7/3/2021,0.000228736,52.937,-140.02,32.29900153,10.80300051,0.84100004,0.45125,0.1087,0.1022,-0.01,-0.01,-0.01,-0.01,-0.01,-0.01
7/13/2021,0.000228736,52.972,-139.913,32.28000153,11.67200055,0.915000043,0.58105,0.1717,-0.01,-0.01,-0.01,-0.01,-0.01,-0.01,-0.01
7/23/2021,0.000238681,52.986,-139.868,32.27100153,12.5940006,0.610000029,0.70935,-0.01,-0.01,-0.01,-0.01,-0.01,-0.01,-0.01,-0.01
8/2/2021,0.000238681,52.994,-139.729,32.23300153,13.62900065,0.179000009,0.40425,0.0524,0.04765,0.03825,0.03685,0.0294,0.02955,0.0285,0.028
8/12/2021,0.000208846,52.945,-139.491,32.25400153,14.20600067,0.167000008,0.1028,0.0897,0.0822,0.0639,0.0604,-0.01,-0.0064,-0.01,-0.01
8/23/2021,0.000228736,52.897,-139.246,32.25900153,14.27100068,0.313000015,0.1218,0.11475,0.11025,0.0987,-0.0018,-0.00475,-0.00465,-0.00485,-0.00475
9/2/2021,0.000228736,52.785,-139.143,31.45300149,13.79100066,1.67700008,0.7079,-0.01,-0.01,-0.01,-0.01,-0.01,-0.01,-0.01,-0.01
9/12/2021,0.000208846,52.523,-138.719,32.15000153,13.62100065,1.975000094,0.3883,0.05995,0.05485,0.0485,0.0473,0.043,0.0437,0.04285,-0.01
9/22/2021,0.000228736,52.41,-138.533,32.14400153,13.10800062,0.901000043,0.47735,0.0149,0.0106,0.00385,0.0027,-0.0034,-0.0032,-0.00455,-0.0051
10/2/2021,0.000208846,52.342,-138.464,32.22700153,10.6260005,0.488000023,0.728,-0.01,-0.01,-0.01,-0.01,-0.01,-0.01,-0.01,-0.01
10/13/2021,0.000208846,52.254,-138.334,32.26600153,9.729000462,1.321000063,0.40235,0.0063,0.0041,3.00E-04,-2.50E-04,-0.0047,-0.00445,-0.00525,-0.0049
10/23/2021,0.000238681,52.176,-138.339,32.21100153,9.421000447,1.721000082,0.49595,0.4735,0.4602,0.1846,-0.01,-0.01,-0.01,-0.01,-0.01
11/2/2021,0.000228736,52.173,-138.454,32.29500153,8.888000422,1.318000063,0.31635,0.2873,0.26465,0.2441,0.0011,-0.0044,-0.00425,-0.00525,-0.00495
11/12/2021,0.000238681,52.033,-138.492,32.31000153,7.938000377,0.952000045,0.36295,0.351,0.34545,0.3344,0.3358,0.0899,0.0897,0.0877,0.08845
11/22/2021,0.000228736,51.88,-138.586,32.32400154,7.617000362,0.901000043,0.6202,0.60455,0.16845,0.16925,0.1708,-0.01,-0.01,-0.01,-0.01
12/2/2021,0.000208846,51.77,-138.624,32.33900154,7.121000338,0.484000023,0.47775,0.4772,0.4985,0.51575,0.17375,-0.01,-0.01,-0.01,-0.01
12/12/2021,0.000228736,51.649,-138.743,32.35900154,6.498000309,0.685000033,0.25415,0.2344,0.23415,0.225,0.2281,0.0571,0.05735,0.05515,0.05305
1/1/2022,0.000218791,51.52,-138.738,32.37400154,6.160000293,0.690000033,0.3843,0.3722,0.3707,0.36645,0.36935,0.13245,0.13305,-0.01,-0.01
1/11/2022,0.000238681,51.431,-138.747,32.32500154,6.239000296,0.388000018,0.34505,0.3082,0.2833,0.26295,0.25965,0.0567,0.057,0.05435,0.0507
1/21/2022,0.000238681,51.414,-138.68,32.40200154,5.965000283,0.864000041,0.5913,0.58405,0.5862,0.26485,-0.01,-0.01,-0.01,-0.01,-0.01
2/1/2022,0.000218791,51.332,-138.492,32.37900154,6.10400029,0.84900004,0.63585,0.6169,0.2582,-0.01,-0.01,-0.01,-0.01,-0.01,-0.01
2/11/2022,0.000228736,51.158,-138.365,32.36100154,6.327000301,0.790000038,0.16675,0.1478,0.136,0.12465,0.12305,-0.004,-0.00405,-0.00485,-0.0051
2/21/2022,0.000228736,50.972,-138.409,32.37100154,6.352000302,1.003000048,0.3985,0.3731,0.0864,0.08065,0.07985,-0.01,-0.01,-0.01,-0.01
3/3/2022,0.000228736,50.907,-138.686,32.39000154,6.3110003,1.342000064,0.6431,0.2119,-0.01,-0.01,-0.01,-0.01,-0.01,-0.01,-0.01
3/13/2022,0.000238681,50.875,-139.02,32.35700154,6.474000307,1.278000061,0.18025,0.1684,0.15875,0.14935,0.0394,0.037,0.0374,0.03725,0.0375
3/23/2022,0.000228736,50.899,-139.371,32.42800154,6.160000293,1.078000051,0.0213,0.0126,0.0101,0.0028,0.0019,-9.00E-04,-4.00E-04,-0.0014,4.00E-04
4/22/2022,0.000218791,51.116,-140.281,32.42400154,6.578000312,0.831000039,0.1611,0.1527,4.50E-04,-0.0033,-0.0036,-0.0054,-0.00525,-0.0053,-0.00505
5/2/2022,0.000218791,51.268,-140.503,32.43000154,6.869000326,1.344000064,0.4081,0.0072,0.0051,8.50E-04,-5.00E-05,-0.0042,-0.00415,-0.0048,-0.00505
5/12/2022,0.000218791,51.422,-140.628,32.43900154,7.186000341,0.978000046,0.1669,0.1592,0.01425,0.00775,0.0074,9.00E-04,0.00205,4.50E-04,-0.00405
5/22/2022,0.000218791,51.545,-140.625,32.43700154,7.446000354,0.949000045,0.17905,0.17505,-0.01,-0.01,-0.01,-0.01,-0.01,-0.01,-0.01
6/1/2022,0.000218791,51.634,-140.589,32.45100154,8.387000398,0.926000044,0.40545,0.08775,0.0837,0.0763,-0.01,-0.01,-0.01,-0.01,-0.01
6/11/2022,0.000238681,51.715,-140.534,32.39900154,9.127000434,0.942000045,0.35595,0.0089,0.00445,-0.00265,-0.0039,-0.00545,-0.00465,-0.0051,-0.00435
6/21/2022,0.000228736,51.755,-140.459,32.41000154,10.15000048,0.936000044,0.46585,0.18085,-0.01,-0.01,-0.01,-0.01,-0.01,-0.01,-0.01
7/1/2022,0.000198901,51.837,-140.471,32.38900154,11.66700055,0.551000026,0.4944,-0.01,-0.01,-0.01,-0.01,-0.01,-0.01,-0.01,-0.01
7/11/2022,0.000228736,51.94,-140.518,32.34600154,11.39600054,0.780000037,0.4388,0.13775,-0.01,-0.01,-0.01,-0.01,-0.01,-0.01,-0.01
7/21/2022,0.000228736,52.066,-140.489,32.35900154,12.15200058,0.700000033,0.3378,0.3228,-0.01,-0.01,-0.01,-0.01,-0.01,-0.01,-0.01
7/31/2022,0.000218791,52.168,-140.475,32.34000154,13.40200064,0.85100004,0.53595,0.2086,-0.01,-0.01,-0.01,-0.01,-0.01,-0.01,-0.01
8/10/2022,0.000218791,52.233,-140.516,32.35900154,14.34300068,1.121000053,0.29335,0.0402,0.03385,0.02485,0.023,0.0194,0.0206,0.01925,0.01835
8/20/2022,0.000228736,52.303,-140.642,32.34400154,15.01500071,1.555000074,0.25005,0.2353,0.01665,0.00965,0.00785,-0.00315,-0.00375,-0.00425,-0.00495
8/30/2022,0.000218791,52.385,-140.682,32.28100153,14.86300071,1.864000089,0.51205,0.1515,-0.01,-0.01,-0.01,-0.01,-0.01,-0.01,-0.01
9/9/2022,0.000208846,52.408,-140.78,32.24700153,14.7590007,1.836000087,0.5928,0.20905,-0.01,-0.01,-0.01,-0.01,-0.01,-0.01,-0.01
9/19/2022,0.000208846,52.356,-140.826,32.25300153,14.87200071,1.783000085,0.3269,0.30955,0.0891,0.086,0.08555,-0.01,-0.01,-0.01,-0.01
9/29/2022,0.000228736,52.278,-140.732,32.24000153,14.52000069,1.355000064,0.1781,0.1645,0.1547,0.14125,0.139,-0.01,-0.01,-0.01,-0.01
10/9/2022,0.000228736,52.202,-140.531,32.16100153,14.38400068,2.190000104,0.55765,0.13155,0.1262,0.12155,0.11995,-0.01,-0.01,-0.01,-0.01
10/19/2022,0.000208846,52.207,-140.28,32.19600153,13.20100063,1.452000069,0.35065,0.35145,0.0391,0.03055,0.02925,0.0236,0.02435,0.0224,0.0208
10/29/2022,0.000228736,52.229,-139.894,32.26300153,11.06700053,1.339000064,0.0746,0.07345,0.0758,0.07415,0.07545,0.0742,0.07555,0.0738,0.0728
11/8/2022,0.000208846,52.159,-139.626,32.21500153,9.612000457,0.890000042,0.35875,0.33955,0.3291,-0.0041,-0.0035,-0.00775,-0.00765,-0.007,-0.0045
11/18/2022,0.000228736,51.994,-139.494,32.22900153,9.654000459,0.600000028,0.44155,0.4181,0.4106,0.0781,0.0787,0.07875,0.0788,0.0788,0.08025
11/28/2022,0.000218791,51.818,-139.433,32.22400153,9.150000435,0.490000023,0.6072,0.5752,0.56475,0.24045,0.23875,-0.01,-0.01,-0.01,-0.01
12/8/2022,0.000248626,51.74,-139.366,32.25300153,8.391000399,0.438000021,0.1465,0.1379,0.1337,0.1244,0.12425,0.114,0.11385,0.1098,0.1063
12/18/2022,0.000228736,51.671,-139.504,32.27200153,7.892000375,0.818000039,0.4911,0.47335,0.46165,0.44805,0.1647,-0.01,0.1592,-0.01,-0.01
12/29/2022,0.000228736,51.661,-139.756,32.27900153,7.640000363,0.523000025,0.74705,0.7347,0.7268,0.31585,0.31775,-0.01,-0.01,-0.01,-0.01
1/8/2023,0.000228736,51.6,-139.976,32.26000153,7.603000361,0.444000021,0.27665,0.26055,0.2542,0.24785,0.2479,0.0406,0.0404,0.04045,0.04
1/18/2023,0.000218791,51.481,-140.242,32.29800153,7.346000349,0.84100004,0.3893,0.37685,0.3719,0.36165,0.3632,-0.01,-0.01,-0.01,-0.01
1/28/2023,0.000218791,51.257,-140.44,32.29800153,7.37700035,0.975000046,0.03445,0.02615,0.0194,0.01005,0.00925,0.00185,0.002,2.00E-04,2.50E-04
2/7/2023,0.000228736,51.092,-140.587,32.30700153,7.137000339,0.738000035,0.0199,0.0109,0.0095,0.003,0.0029,-7.00E-04,-6.00E-04,-0.0015,3.00E-04
2/17/2023,0.000228736,51.007,-140.571,32.30200153,6.999000332,0.83300004,0.4259,0.40565,0.0763,0.06925,0.06795,0.06115,0.06115,0.0589,0.0567
6/18/2022,0.000228736,30.132,-158.896,35.27500168,26.18400124,0.036000002,0.15765,0.1381,0.0107,0.0018,0.001,-0.00245,-0.0022,-0.00315,-0.00415
6/28/2022,0.000417692,30.231,-158.91,35.29300168,25.77100122,0.036000002,0.1491,0.1424,0.1329,0.1211,-0.01,-0.01,-0.01,-0.01,-0.01
7/8/2022,0.000417692,30.202,-158.983,35.33000168,25.60200122,0.036000002,0.0774,0.0609,0.0371,0.0153,0.0124,0.0031,0.0031,0.0013,1.00E-04
7/19/2022,0.000417692,30.219,-158.99,35.37800168,25.83900123,0.029000001,0.236,0.2181,-0.01,-0.01,-0.01,-0.01,-0.01,-0.01,-0.01
7/29/2022,0.000437582,30.097,-158.885,35.39700168,25.94600123,0.058000003,-0.01,-0.01,-0.01,-0.01,-0.01,-0.01,-0.01,-0.01,-0.01
10/16/2016,0.001183461,-20.67553,-24.99693,37.02300176,23.04500109,0.073000003,0.0472,0.03565,0.0165,-0.00115,-0.0028,-0.0032,-0.00235,-0.00175,8.50E-04
10/17/2016,0.000546978,-20.66827,-25.02798,37.01200176,23.1280011,0.058000003,0.0573,0.047,0.0298,0.0104,0.008,0.0014,0.0014,6.00E-04,4.00E-04
10/18/2016,0.000248626,-20.66205,-25.05303,37.06200176,23.44100111,0.077000004,0.1233,0.1132,0.0991,0.0818,0.0803,0.0703,0.0706,0.0693,-0.01
10/19/2016,0.000248626,-20.65401,-25.07924,37.06700176,23.49300112,0.066000003,0.12095,0.11125,0.0958,0.07565,0.0025,-0.003,-0.00305,-0.00415,-0.0048
10/20/2016,0.000248626,-20.64833,-25.10208,37.06900176,23.37700111,0.182000009,0.1413,0.12515,0.1069,0.0862,0.00105,-0.00345,-0.00345,-0.00425,-0.00495
10/21/2016,0.000248626,-20.63699,-25.11822,37.07100176,23.60800112,0.080000004,0.1866,0.1678,0.04915,0.039,0.03815,-0.01,-0.01,-0.01,-0.01
10/22/2016,0.000248626,-20.63146,-25.15243,37.05200176,23.85400113,0.102000005,0.06955,0.0484,0.0257,0.0061,0.00355,-4.50E-04,-5.00E-04,5.00E-04,0.002
10/23/2016,0.000248626,-20.63222,-25.16423,36.96800176,24.38200116,0.066000003,0.07745,0.0585,0.0341,0.01325,0.0104,0.00205,0.002,8.50E-04,3.00E-04
10/24/2016,0.000238681,-20.62339,-25.17998,37.06400176,24.05900114,0.088000004,0.07925,0.06315,0.03495,0.01395,0.0109,0.0024,0.00235,9.00E-04,1.50E-04
10/25/2016,0.000248626,-20.61578,-25.18536,37.07400176,23.92100114,0.066000003,0.07265,0.05885,0.03185,0.0122,0.0095,0.0039,0.00435,0.0032,0.0026
10/26/2016,0.000248626,-20.61851,-25.19843,37.09700176,23.84200113,0.102000005,0.08745,0.07835,0.06205,0.04175,0.03975,-0.0047,-0.0045,-0.0044,0.03085
10/27/2016,0.000248626,-20.62557,-25.21703,37.09700176,23.98600114,0.036000002,0.156,0.14095,0.12305,0.1028,0.0324,-0.01,-0.01,-0.01,0.02485
10/28/2016,0.000248626,-20.634,-25.23269,37.09600176,23.93400114,0.095000005,0.12595,0.1081,0.0875,0.06565,0.06275,-0.0038,-0.00355,-0.0043,-0.0045
10/29/2016,0.000248626,-20.63085,-25.24557,37.09700176,23.85500113,0.022000001,0.05145,0.03425,0.0173,-0.00445,-0.0066,-0.0076,-0.0067,-0.00575,-0.00405
10/30/2016,0.000248626,-20.63923,-25.26035,37.11000176,24.03600114,0.20400001,0.05835,0.04225,0.0239,0.00405,0.00155,-0.00405,-0.00395,-0.00445,-0.0046
10/31/2016,0.000248626,-20.64525,-25.29119,37.11500176,24.08500114,0.066000003,0.2866,0.0412,0.03235,0.02305,0.0215,0.01805,0.018,0.01745,0.01665
11/1/2016,0.000258571,-20.6559,-25.30898,37.12500176,23.95100114,0.102000005,0.2979,0.0479,0.04115,0.034,0.03315,-0.01,0.03025,-0.01,-0.01
11/3/2016,0.000248626,-20.66549,-25.3394,37.12200176,23.83000113,0.109000005,0.1195,0.1101,0.0957,0.0802,0.0788,-0.01,-0.01,-0.01,-0.01
11/4/2016,0.000248626,-20.67529,-25.36036,37.11400176,23.82200113,0.102000005,0.05525,0.05,0.04285,0.03515,0.03435,-0.01,-0.01,-0.01,-0.01
11/6/2016,0.000248626,-20.67317,-25.38056,37.13200176,23.89200113,0.058000003,0.1594,0.1426,0.1251,0.10765,0.0367,-0.01,-0.01,-0.01,-0.01
11/7/2016,0.000248626,-20.67307,-25.39358,37.13100176,23.93500114,0.058000003,0.11395,0.09965,0.0817,0.0618,-0.00805,-0.00705,-0.00645,-0.0058,-0.0041
11/8/2016,0.000248626,-20.67612,-25.3942,37.12600176,23.94800114,0.080000004,0.08595,0.07105,0.05075,0.033,0.031,0.02955,0.0305,0.0312,-0.0041
11/9/2016,0.000248626,-20.68635,-25.40471,37.12700176,24.05300114,0.066000003,0.14385,0.13275,0.1109,0.0907,0.02885,0.02465,0.02505,0.0245,0.0245
11/29/2016,0.000248626,-20.58983,-25.19561,37.00400176,24.52100116,0.088000004,0.27755,0.0579,0.05045,0.04225,-0.01,-0.01,-0.01,-0.01,-0.01
12/19/2016,0.000248626,-20.32284,-25.15026,37.05100176,25.61600122,0.095000005,0.10635,0.0899,0.0625,0.04305,0.04005,0.0191,0.01905,0.01865,0.01795
12/29/2016,0.000248626,-20.31256,-25.0816,37.11100176,26.27400125,0.029000001,0.15505,0.0163,0.00765,-0.0014,-0.002,-0.0041,-0.0038,-0.00415,-0.0045
1/8/2017,0.000248626,-20.37814,-25.0335,37.09900176,26.41200125,0.088000004,0.1596,0.1439,0.1251,0.1033,-0.01,-0.01,-0.01,-0.01,-0.01
1/18/2017,0.000258571,-20.57268,-24.99154,37.22100177,26.39300125,0.066000003,0.11025,0.09065,0.0691,0.04855,0.04585,-0.00435,-0.0041,-0.00445,-0.00445
1/28/2017,0.000238681,-20.71338,-25.03408,37.29800177,26.74400127,0.102000005,0.0765,0.0603,0.0341,0.01325,0.01015,0.0024,0.0024,0.001,4.50E-04
2/7/2017,0.000248626,-20.81857,-25.11417,37.30500177,26.97100128,0.044000002,0.1589,0.145,0.1275,0.1097,0.1072,-0.01,-0.01,-0.01,-0.01
2/17/2017,0.000248626,-20.84698,-25.19194,37.31900177,27.22400129,0.095000005,0.12225,0.1055,0.0867,0.07155,0.00405,-0.0021,-0.00285,-0.0032,-0.0045
2/27/2017,0.000258571,-20.8417,-25.33836,37.32000177,26.89600128,0.073000003,0.0338,0.0385,0.0444,0.04295,0.0443,-0.00435,-0.00425,-0.0047,-0.00485
3/9/2017,0.000248626,-20.81934,-25.48653,37.24000177,27.25300129,0.109000005,0.0745,0.05715,0.03315,0.0123,0.0094,0.00165,0.00175,5.50E-04,-5.00E-05
3/19/2017,0.000248626,-20.86719,-25.67983,37.20400177,27.15300129,0.044000002,0.14065,0.12455,0.0087,-0.00105,-0.0021,-0.00475,-0.0047,-0.005,-0.0049
3/29/2017,0.000248626,-20.99633,-25.90669,37.11400176,27.07100129,0.095000005,0.2385,0.0078,0.00155,-0.00795,-0.0082,-0.0069,-0.00585,-0.0057,-0.0044
4/8/2017,0.000258571,-21.23209,-26.14726,37.16000177,26.99700128,0.277000013,0.06025,0.0432,0.02475,0.00615,0.00385,-4.00E-04,5.00E-05,-5.50E-04,6.00E-04
4/18/2017,0.000248626,-21.52799,-26.27318,37.00000176,26.72400127,0.102000005,0.578,-0.01,-0.01,-0.01,-0.01,-0.01,-0.01,-0.01,-0.01
4/28/2017,0.000248626,-21.56831,-26.27271,36.97400176,26.27600125,0.051000002,0.04225,0.0318,0.0206,0.00375,0.00325,-3.00E-04,2.00E-04,4.50E-04,0.00165
5/8/2017,0.000248626,-21.41378,-26.32498,36.95100176,25.61200122,0.058000003,0.06035,0.0448,0.0281,0.0098,0.0075,0.00125,0.0013,3.50E-04,7.00E-04
5/28/2017,0.000238681,-20.82929,-26.39126,37.07300176,24.49900116,0.109000005,0.139,0.12365,0.10555,0.08425,0.08395,-0.00475,-0.00465,-0.00495,-0.0048
6/7/2017,0.000248626,-20.63894,-26.36106,37.18300177,24.74900118,0.066000003,0.27005,0.26175,0.0073,-6.00E-04,-0.00165,-0.0045,-0.0045,-0.0049,-0.00495
6/17/2017,0.000248626,-20.61699,-26.18786,37.11500176,24.53500117,0.117000006,0.15215,0.13495,0.11765,0.09825,0.0956,0.0852,0.08545,0.0833,0.0829
6/27/2017,0.000258571,-20.66962,-26.00611,37.03700176,24.06700114,0.168000008,0.0884,0.07515,0.05935,0.0408,0.03795,0.03195,0.0325,0.03145,0.03055
7/7/2017,0.000248626,-20.72376,-25.95089,36.95100176,23.26700111,0.073000003,0.0446,0.0365,0.0257,0.0096,0.0076,0.0012,0.0013,3.00E-04,3.00E-04
7/17/2017,0.000248626,-20.84827,-26.0131,36.90800175,22.73700108,0.993000047,0.04145,0.0347,0.02675,0.01175,0.01005,0.0024,0.0025,9.00E-04,3.00E-04
7/27/2017,0.000248626,-21.01209,-26.0598,36.90700175,22.61500107,0.131000006,0.03235,0.021,0.01235,-0.002,-0.00315,-0.0026,-0.0017,-0.00115,0.00165
8/6/2017,0.000248626,-21.15572,-26.06525,36.93500175,22.55100107,0.044000002,0.16155,0.1531,0.14705,0.13095,0.029,0.0275,0.0282,0.0276,0.0271
8/16/2017,0.000248626,-21.14925,-26.07128,36.92700175,22.55900107,0.20400001,0.0458,0.0313,0.0199,0.0052,0.00315,-0.00105,-7.00E-04,-0.0011,2.00E-04
8/26/2017,0.000248626,-21.094,-26.18906,36.95900176,22.53500107,0.146000007,0.0439,0.03685,0.02625,0.0088,0.007,8.00E-04,0.00105,2.00E-04,3.00E-04
9/5/2017,0.000238681,-21.01381,-26.36853,36.89500175,22.03600105,0.109000005,0.3188,0.0157,0.00665,-0.0029,-0.00465,-0.00785,-0.0074,-0.0081,-0.00755
9/15/2017,0.000248626,-20.93213,-26.63043,36.89500175,22.03200105,0.102000005,0.0483,0.0366,0.02375,0.0062,0.0039,-4.50E-04,2.00E-04,-1.50E-04,4.00E-04
9/25/2017,0.000248626,-20.86997,-26.93499,36.91500175,22.02000105,0.139000007,0.3007,0.3035,-0.01,-0.01,-0.01,-0.01,-0.01,-0.01,-0.01
10/5/2017,0.000248626,-20.83503,-27.34302,36.91000175,22.06700105,0.044000002,0.17945,0.16805,0.015,0.00325,0.0019,-0.0031,-0.0032,-0.00425,-0.00475
10/15/2017,0.000248626,-20.86294,-27.79081,36.96700176,23.01500109,0.102000005,0.089,0.07575,0.0552,0.03435,0.0318,0.02515,0.02535,0.02435,0.0232
10/25/2017,0.000248626,-20.96377,-28.0844,36.97900176,23.2340011,0.058000003,0.1958,0.17685,0.0119,6.00E-04,-6.00E-04,-0.00455,-0.0046,-0.005,-0.00495
11/4/2017,0.000238681,-21.02776,-28.1942,36.99600176,23.2080011,0.131000006,0.1109,0.1031,0.0883,0.0713,0.0699,0.0674,0.0679,0.0668,-0.01
11/14/2017,0.000248626,-20.99152,-28.21452,37.00600176,24.09800114,0.131000006,0.1977,-0.01,-0.01,-0.01,-0.01,-0.01,-0.01,-0.01,-0.01
11/24/2017,0.000248626,-20.80768,-28.32122,37.08300176,24.22000115,0.036000002,0.16945,0.15935,0.00245,-0.00655,-0.0075,-0.0068,-0.00645,-0.0061,-0.0045
12/4/2017,0.000248626,-20.62409,-28.39167,37.09100176,24.77800118,0.073000003,0.04185,0.036,0.02565,0.0153,0.014,0.01125,0.01145,0.011,0.0107
12/14/2017,0.000248626,-20.56212,-28.29138,37.13400176,25.2220012,0.051000002,0.4166,-0.01,-0.01,-0.01,-0.01,-0.01,-0.01,-0.01,-0.01
12/24/2017,0.000248626,-20.51161,-28.05959,37.08500176,25.09000119,0.088000004,0.35015,-0.01,-0.01,-0.01,-0.01,-0.01,-0.01,-0.01,-0.01
1/3/2018,0.000248626,-20.4359,-27.83306,37.15800176,25.52600121,0.117000006,0.04285,0.03735,0.0274,0.01435,0.01415,0.0135,0.0153,0.0155,0.01625
1/13/2018,0.000238681,-20.28954,-27.52469,37.18900177,26.30200125,0.066000003,0.0794,0.06105,0.0344,0.0122,0.0094,0.0016,0.00155,6.50E-04,2.00E-04
1/23/2018,0.000258571,-20.08992,-27.1921,37.23600177,26.49600126,0.124000006,0.199,0.17915,0.0531,0.0435,0.0423,-0.01,-0.01,-0.01,-0.01
2/2/2018,0.000248626,-20.03699,-26.87577,37.23900177,26.42200125,0.263000012,0.14635,0.1364,0.11755,0.0975,0.02825,-0.01,-0.01,-0.01,-0.01
4/3/2018,0.000248626,-20.02231,-26.06898,37.38000178,26.90900128,0.088000004,0.245,0.0262,0.01315,0.0018,6.00E-04,-0.00405,-0.00405,-0.00455,-0.005
4/13/2018,0.000248626,-20.10602,-26.54209,37.35700177,26.99700128,0.022000001,0.122,0.09955,0.0719,0.0495,0.04635,0.0372,0.0372,0.0358,0.03425
4/23/2018,0.000238681,-20.07389,-27.00442,37.35900177,26.49000126,0.073000003,0.07515,0.0576,0.036,0.0128,0.01015,0.0023,0.0026,9.50E-04,6.00E-04
9/20/2018,0.000248626,-20.07809,-30.09875,37.28900177,24.15600115,0.095000005,0.32245,0.036,0.02965,0.0224,0.0212,0.019,0.01905,0.0188,0.01825
9/30/2018,0.000238681,-20.09421,-30.24238,37.28000177,24.28400115,0.080000004,0.19655,0.1841,0.00905,5.50E-04,-7.00E-04,-0.00345,-0.00305,-0.004,-0.0038
10/10/2018,0.000248626,-20.10396,-30.39718,37.29300177,24.15800115,0.095000005,0.1498,0.133,0.11315,0.09155,0.01435,0.0113,0.01165,0.011,0.01035
10/20/2018,0.000238681,-20.13563,-30.54176,37.27600177,24.45400116,0.095000005,0.03495,0.0246,0.0119,0.0017,-4.00E-04,-0.00405,-0.0036,-0.00445,-0.00415
10/30/2018,0.000248626,-20.25587,-30.71962,37.25100177,24.71200117,0.058000003,0.1817,-0.01,-0.01,-0.01,-0.01,-0.01,-0.01,-0.01,-0.01
11/9/2018,0.000258571,-20.31598,-30.97124,37.34400177,25.3460012,0.146000007,0.30105,0.02175,0.01115,4.50E-04,-8.50E-04,-0.0045,-0.00445,-0.00485,-0.00495
11/19/2018,0.000248626,-20.34826,-31.12668,37.35600177,25.47300121,0.620000029,0.05185,0.03875,0.02225,0.00415,0.002,-1.00E-04,6.00E-04,4.50E-04,0.0015
11/29/2018,0.000248626,-20.29549,-31.19304,37.19500177,25.61800122,0.015000001,0.1621,0.15335,0.04765,0.0405,0.03945,-0.01,-0.01,-0.01,-0.01
12/9/2018,0.000238681,-20.20775,-31.29853,37.20600177,25.75000122,0.095000005,0.2326,0.21275,0.0398,0.0256,0.0232,0.0155,0.01555,0.01365,0.01155
12/19/2018,0.000248626,-20.07678,-31.39641,37.44200178,26.83100127,0.044000002,0.08165,0.0674,0.04955,0.03145,0.02895,0.02295,0.0231,0.02235,0.0214
2/17/2019,0.000248626,-20.04143,-31.03833,37.53700178,28.72500136,0.058000003,0.4712,-0.01,-0.01,-0.01,-0.01,-0.01,-0.01,-0.01,-0.01
2/27/2019,0.000248626,-20.22744,-31.33609,37.30200177,29.66000141,0.095000005,0.08145,0.07,0.05685,0.03955,0.03645,0.02855,0.02855,0.02675,0.0251
3/9/2019,0.000248626,-20.14175,-31.83691,37.40700178,29.4530014,0.146000007,0.145,0.13815,0.12905,0.0237,0.0221,0.02155,0.022,0.02165,0.02125
3/19/2019,0.000248626,-20.24614,-32.68175,37.60700179,29.59400141,0.117000006,0.2495,0.239,-0.01,-0.01,-0.01,-0.01,-0.01,-0.01,-0.01
3/29/2019,0.000248626,-19.70083,-32.43172,37.32900177,29.31300139,0.066000003,-0.01,-0.01,-0.01,-0.01,-0.01,-0.01,-0.01,-0.01,-0.01
4/8/2019,0.000248626,-20.01122,-31.96933,37.26500177,29.35600139,0.095000005,0.12155,0.1152,0.10805,-0.00355,-0.0046,-0.0056,-0.0054,-0.00545,-0.00475
4/18/2019,0.000248626,-20.1374,-31.74477,37.44700178,28.89600137,0.073000003,0.2169,0.19705,0.17715,0.15435,0.0574,-0.01,-0.01,-0.01,-0.01
7/17/2019,0.000248626,-18.52023,-31.9754,37.23700177,25.2050012,0.131000006,0.3435,0.0185,0.00895,6.00E-04,-8.00E-04,-0.00405,-0.004,-0.00455,-0.00495
7/27/2019,0.000248626,-18.10847,-32.18788,37.20900177,24.57500117,1.343000064,0.051,0.0417,0.03145,0.0135,0.01155,0.0022,0.00215,6.00E-04,-1.50E-04
8/6/2019,0.000258571,-17.88423,-31.82787,37.44000178,25.03300119,0.175000008,0.233,0.22245,0.01315,0.0033,0.00215,-0.0033,-0.0033,-0.00435,-0.00505
11/8/2022,0.000248626,-20.21136,-25.61859,36.99700176,24.07500114,0.058000003,0.06435,0.04715,0.0224,0.00225,-5.00E-05,-0.0015,-7.50E-04,-3.50E-04,0.0013
11/18/2022,0.000248626,-20.33541,-25.27513,36.97700176,24.15600115,0.080000004,0.2097,0.02505,0.01315,0.00295,0.002,1.00E-04,2.00E-04,5.00E-05,1.00E-04
1/7/2023,0.000248626,-20.09956,-23.61206,37.01500176,25.14800119,0.066000003,0.2247,0.0442,0.0335,0.0246,0.02335,0.0216,0.0217,0.02135,0.02045
